model,feature_set,eval_split,accuracy,macro_f1,weighted_f1,balanced_accuracy,baseline_accuracy,baseline_macro_f1,accuracy_lift,macro_f1_lift,random_accuracy,n_test,n_classes,f1_Uncited,f1_Low,f1_Medium,f1_High,notes,timestamp
"LogReg / title only (unweighted, cross-check)",B1_title_only,val,0.3659,0.3606,0.3613,0.3647,0.2653,0.1048,0.1006,0.2558,0.25,6600,4,0.4415,0.2607,0.2928,0.4475,"cross-check against collaborator notebook numbers, unweighted LogReg to match their setup",2026-10-02T15:23:00
"LogReg / venue only (unweighted, cross-check)",A3_venue_only,val,0.4123,0.3807,0.3839,0.4048,0.2653,0.1048,0.147,0.2759,0.25,6600,4,0.5394,0.1874,0.3547,0.4413,"cross-check against collaborator notebook numbers, unweighted LogReg to match their setup",2026-10-02T15:23:01
"LogReg / metadata only, no venue (unweighted, cross-check)",B3_meta_only,val,0.447,0.4285,0.4305,0.4447,0.2653,0.1048,0.1817,0.3236,0.25,6600,4,0.573,0.2394,0.358,0.5435,"cross-check against collaborator notebook numbers, unweighted LogReg to match their setup",2026-10-02T15:23:01
"LogReg / title + metadata, no venue (unweighted, cross-check)",A2_no_venue,val,0.4294,0.4219,0.423,0.4282,0.2653,0.1048,0.1641,0.3171,0.25,6600,4,0.5405,0.2876,0.3284,0.5312,"cross-check against collaborator notebook numbers, unweighted LogReg to match their setup",2026-10-02T15:23:36
"LogReg / everything incl. venue (unweighted, cross-check)",A1_all,val,0.452,0.4448,0.4461,0.4503,0.2653,0.1048,0.1867,0.34,0.25,6600,4,0.5727,0.2934,0.348,0.5653,"cross-check against collaborator notebook numbers, unweighted LogReg to match their setup",2026-10-02T15:24:17
logreg / B1_title_only (demo model),B1_title_only,test,0.3676,0.3612,0.3621,0.3662,0.2652,0.1048,0.1024,0.2564,0.25,6600,4,0.4542,0.2401,0.2938,0.4568,"final demo model, trained on train+val, scored on test",2026-10-02T15:28:31
LogReg / B3_meta_only (5-fold CV),B3_meta_only,cv,0.4456,0.4266,0.4286,0.4434,0.2653,0.1048,0.1803,0.3218,0.25,37397,4,0.5746,0.2391,0.347,0.5459,"5-fold CV on train+val, seed 42, pooled out-of-fold predictions; fold macro-F1 mean 0.4266 std 0.0052",2026-10-02T10:40:45
LogReg / B1_title_only (5-fold CV),B1_title_only,cv,0.3767,0.3715,0.3721,0.3757,0.2653,0.1048,0.1114,0.2667,0.25,37397,4,0.4504,0.2695,0.2998,0.4665,"5-fold CV on train+val, seed 42, pooled out-of-fold predictions; fold macro-F1 mean 0.3716 std 0.0038",2026-10-02T10:44:44
LogReg / A2_no_venue (5-fold CV),A2_no_venue,cv,0.4317,0.4243,0.4255,0.4304,0.2653,0.1048,0.1665,0.3195,0.25,37397,4,0.544,0.2787,0.3356,0.5389,"5-fold CV on train+val, seed 42, pooled out-of-fold predictions; fold macro-F1 mean 0.4243 std 0.0051",2026-10-02T10:49:29
LogReg / A3_venue_only (5-fold CV),A3_venue_only,cv,0.4177,0.3851,0.3879,0.4106,0.2653,0.1048,0.1524,0.2802,0.25,37397,4,0.5453,0.1894,0.3403,0.4652,"5-fold CV on train+val, seed 42, pooled out-of-fold predictions; fold macro-F1 mean 0.3848 std 0.0068",2026-10-02T10:49:37
LogReg / A1_all (5-fold CV),A1_all,cv,0.4558,0.4481,0.4493,0.4542,0.2653,0.1048,0.1906,0.3433,0.25,37397,4,0.5731,0.2932,0.3539,0.5721,"5-fold CV on train+val, seed 42, pooled out-of-fold predictions; fold macro-F1 mean 0.4480 std 0.0040",2026-10-02T10:54:30
LogReg / B3_meta_only (final test),B3_meta_only,test,0.4429,0.4229,0.425,0.4408,0.2652,0.1048,0.1777,0.3181,0.25,6600,4,0.5713,0.2179,0.3513,0.5512,"final test: fit on train+val, scored once on test, seed 42",2026-10-02T11:07:07
LogReg / A2_no_venue (final test),A2_no_venue,test,0.4292,0.4197,0.4211,0.4277,0.2652,0.1048,0.1641,0.315,0.25,6600,4,0.5446,0.2556,0.3383,0.5405,"final test: fit on train+val, scored once on test, seed 42",2026-10-02T11:08:15
LogReg / A3_venue_only (final test),A3_venue_only,test,0.42,0.3898,0.3928,0.4132,0.2652,0.1048,0.1548,0.285,0.25,6600,4,0.5561,0.1997,0.3392,0.4644,"final test: fit on train+val, scored once on test, seed 42",2026-10-02T11:08:17
LogReg / A1_all (final test),A1_all,test,0.4585,0.4498,0.4512,0.4566,0.2652,0.1048,0.1933,0.345,0.25,6600,4,0.5869,0.2864,0.3511,0.5746,"final test: fit on train+val, scored once on test, seed 42",2026-10-02T11:09:27
